{
 "mdsDat": {
 "x": [ 0.33695, -0.28133, 0.1559, -0.10172, -0.079238, 0.15431, 0.1495, 0.25199, -0.090916, -0.090916, 0.25199, -0.26877, -0.26877, 0.25199, -0.26877, -0.0046458, -0.0046458, -0.0046458, -0.0046458, -0.0046458, -0.0046458, -0.0046458, -0.0046458, -0.0046458, -0.0046458, -0.0046458, -0.0046458, -0.0046458, -0.0046458, -0.0046458, -0.0046458, -0.0046458, -0.0046458, -0.0046458, -0.0046458, -0.0046458, -0.0046458 ],
"y": [ 0.025144, 0.23035, -0.09963, -0.38071, 0.12374, 0.19307, -0.095627, 0.11022, -0.33241, -0.33241, 0.11022, 0.14481, 0.14481, 0.11022, 0.14481, -0.0043915, -0.0043915, -0.0043915, -0.0043915, -0.0043915, -0.0043915, -0.0043915, -0.0043915, -0.0043915, -0.0043915, -0.0043915, -0.0043915, -0.0043915, -0.0043915, -0.0043915, -0.0043915, -0.0043915, -0.0043915, -0.0043915, -0.0043915, -0.0043915, -0.0043915 ],
"topics": [ 1, 2, 3, 4, 5, 6, 7, 8, 9, 10, 11, 12, 13, 14, 15, 16, 17, 18, 19, 20, 21, 22, 23, 24, 25, 26, 27, 28, 29, 30, 31, 32, 33, 34, 35, 36, 37 ],
"Freq": [ 14.935, 11.095, 9.7385, 8.0804, 6.3651, 6.3493, 5.9564, 3.5991, 3.5991, 3.4394, 3.2954, 3.2954, 3.0464, 3.0464, 2.5112, 0.52943, 0.52943, 0.52943, 0.52943, 0.52943, 0.52943, 0.52943, 0.52943, 0.52943, 0.52943, 0.52943, 0.52943, 0.52943, 0.52943, 0.52943, 0.52943, 0.52943, 0.52943, 0.52943, 0.52943, 0.52943, 0.52943 ],
"cluster": [      1,      1,      1,      1,      1,      1,      1,      1,      1,      1,      1,      1,      1,      1,      1,      1,      1,      1,      1,      1,      1,      1,      1,      1,      1,      1,      1,      1,      1,      1,      1,      1,      1,      1,      1,      1,      1 ] 
},
"tinfo": {
 "Term": [ "flumen", "pars", "finis", "belgae", "omnis", null, null, null, null, null, null, null, null, null, null, null, null, null, null, null, null, null, null, null, null, null, null, null, null, null, null, null, null, null, null, null, null, null, null, null, "flumen", "pars", "omnis", "finis", "belgae", null, "omnis", "belgae", "finis", "pars", "flumen", null, "flumen", "omnis", "finis", "belgae", "pars", null, "finis", "omnis", "belgae", "pars", "flumen", null, "belgae", "omnis", "finis", "pars", "flumen", null, "belgae", "pars", "omnis", "finis", "flumen", null, "flumen", "omnis", "finis", "belgae", "pars", null, "pars", "omnis", "finis", "belgae", "flumen", null, "finis", "omnis", "belgae", "pars", "flumen", null, "finis", "omnis", "belgae", "pars", "flumen", null, "pars", "omnis", "finis", "belgae", "flumen", null, "omnis", "finis", "belgae", "pars", "flumen", null, "omnis", "finis", "belgae", "pars", "flumen", null, "pars", "omnis", "finis", "belgae", "flumen", null, "omnis", "finis", "belgae", "pars", "flumen", null, "omnis", "finis", "belgae", "pars", "flumen", null, "omnis", "finis", "belgae", "pars", "flumen", null, "omnis", "finis", "belgae", "pars", "flumen", null, "omnis", "finis", "belgae", "pars", "flumen", null, "omnis", "finis", "belgae", "pars", "flumen", null, "omnis", "finis", "belgae", "pars", "flumen", null, "omnis", "finis", "belgae", "pars", "flumen", null, "omnis", "finis", "belgae", "pars", "flumen", null, "omnis", "finis", "belgae", "pars", "flumen", null, "omnis", "finis", "belgae", "pars", "flumen", null, "omnis", "finis", "belgae", "pars", "flumen", null, "omnis", "finis", "belgae", "pars", "flumen", null, "omnis", "finis", "belgae", "pars", "flumen", null, "omnis", "finis", "belgae", "pars", "flumen", null, "omnis", "finis", "belgae", "pars", "flumen", null, "omnis", "finis", "belgae", "pars", "flumen", null, "omnis", "finis", "belgae", "pars", "flumen", null, "omnis", "finis", "belgae", "pars", "flumen", null, "omnis", "finis", "belgae", "pars", "flumen", null, "omnis", "finis", "belgae", "pars", "flumen", null, "omnis", "finis", "belgae", "pars", "flumen", null, "omnis", "finis", "belgae", "pars", "flumen", null ],
"logprob": [     40,     39,     38,     37,     36,     35,     34,     33,     32,     31,     30,     29,     28,     27,     26,     25,     24,     23,     22,     21,     20,     19,     18,     17,     16,     15,     14,     13,     12,     11,     10,      9,      8,      7,      6,      5,      4,      3,      2,      1, -0.524, -0.9261, -5.5413, -5.5413, -5.5413, null, -0.7079, -0.7079, -5.323, -5.323, -5.323, null, -0.0261, -5.0434, -5.0434, -5.0434, -5.0434, null, -0.0261, -5.0434, -5.0434, -5.0434, -5.0434, null, -0.0388, -4.654, -4.654, -4.654, -4.654, null, -0.7221, -0.7221, -4.654, -4.654, -4.654, null, -0.0388, -4.654, -4.654, -4.654, -4.654, null, -0.0755, -4.0073, -4.0073, -4.0073, -4.0073, null, -0.0755, -4.0073, -4.0073, -4.0073, -4.0073, null, -0.0755, -4.0073, -4.0073, -4.0073, -4.0073, null, -0.0755, -4.0073, -4.0073, -4.0073, -4.0073, null, -0.0755, -4.0073, -4.0073, -4.0073, -4.0073, null, -0.0755, -4.0073, -4.0073, -4.0073, -4.0073, null, -0.0755, -4.0073, -4.0073, -4.0073, -4.0073, null, -0.0755, -4.0073, -4.0073, -4.0073, -4.0073, null, -1.6094, -1.6094, -1.6094, -1.6094, -1.6094, null, -1.6094, -1.6094, -1.6094, -1.6094, -1.6094, null, -1.6094, -1.6094, -1.6094, -1.6094, -1.6094, null, -1.6094, -1.6094, -1.6094, -1.6094, -1.6094, null, -1.6094, -1.6094, -1.6094, -1.6094, -1.6094, null, -1.6094, -1.6094, -1.6094, -1.6094, -1.6094, null, -1.6094, -1.6094, -1.6094, -1.6094, -1.6094, null, -1.6094, -1.6094, -1.6094, -1.6094, -1.6094, null, -1.6094, -1.6094, -1.6094, -1.6094, -1.6094, null, -1.6094, -1.6094, -1.6094, -1.6094, -1.6094, null, -1.6094, -1.6094, -1.6094, -1.6094, -1.6094, null, -1.6094, -1.6094, -1.6094, -1.6094, -1.6094, null, -1.6094, -1.6094, -1.6094, -1.6094, -1.6094, null, -1.6094, -1.6094, -1.6094, -1.6094, -1.6094, null, -1.6094, -1.6094, -1.6094, -1.6094, -1.6094, null, -1.6094, -1.6094, -1.6094, -1.6094, -1.6094, null, -1.6094, -1.6094, -1.6094, -1.6094, -1.6094, null, -1.6094, -1.6094, -1.6094, -1.6094, -1.6094, null, -1.6094, -1.6094, -1.6094, -1.6094, -1.6094, null, -1.6094, -1.6094, -1.6094, -1.6094, -1.6094, null, -1.6094, -1.6094, -1.6094, -1.6094, -1.6094, null, -1.6094, -1.6094, -1.6094, -1.6094, -1.6094, null ],